"ta","math_grade","spanish_grade","better_at_math"
"Phuong Vu",3.82770248046151,3.64250494683111,TRUE
"Yunwei Liang",3.50739176669426,3.70826940610085,FALSE
"Yubing Tian",3.30157372911978,3.80933686990413,FALSE
"Gavin Sreesangkom",3.23104664900803,4,FALSE
"Coco Li",4,4,FALSE
"George Zhang",3.15384355460465,3.80585338595186,FALSE
"Saurav Sawansukha",3.28988834404203,3.53850164705743,FALSE
"YuYu Madigan",3.10577858390503,3.84885725614482,FALSE
